{
  "todos": {
    "Coordinator": {
      "1": {
        "id": "1",
        "content": "Analyze README.md requirements and structure planning",
        "details": "1. Research best practices for healthcare project READMEs. 2. Define comprehensive structure with all essential sections. 3. Plan file hierarchy diagram content. 4. Plan mermaid diagrams for user interaction and application logic. 5. Plan deployment section structure.",
        "status": "completed",
        "priority": "high"
      },
      "2": {
        "id": "2",
        "content": "Gather project metadata and technical specifications",
        "details": "1. Extract technology stack details. 2. Collect performance metrics and quality scores. 3. Document healthcare compliance features. 4. Gather key file structure information. 5. Review existing documentation for reference.",
        "status": "completed",
        "priority": "high"
      },
      "3": {
        "id": "3",
        "content": "Design visual diagrams and architecture documentation",
        "details": "1. Create file hierarchy diagram with descriptions. 2. Design mermaid diagram for user interaction flows. 3. Design mermaid diagram for application logic flows. 4. Ensure diagrams are clear and informative.",
        "status": "completed",
        "priority": "high"
      },
      "4": {
        "id": "4",
        "content": "Create comprehensive README.md content",
        "details": "1. Write compelling project overview and features. 2. Document technology stack and architecture. 3. Include installation and setup instructions. 4. Add deployment guide. 5. Include performance and compliance information. 6. Add contributing guidelines and license.",
        "status": "completed",
        "priority": "high"
      },
      "5": {
        "id": "5",
        "content": "Review, validate and finalize README.md",
        "details": "1. Review all content for accuracy and completeness. 2. Validate all links and references. 3. Check formatting and markdown syntax. 4. Ensure professional presentation. 5. Final quality check.",
        "status": "completed",
        "priority": "medium"
      }
    }
  }
}