{
  "gather_comprehensive_project_metadata_9ba3": {
    "task_name": "gather_comprehensive_project_metadata",
    "response": "## Final Validation Summary\n\nI have successfully completed the comprehensive project metadata extraction from the My Family Clinic codebase. Here's what was accomplished:\n\n### ✅ **Completed Tasks:**\n\n1. **Technology Stack with Versions**: Extracted complete tech stack including Next.js 15, React 19, TypeScript 5, tRPC 11.0, Prisma 5.22, PostgreSQL 15.4 with PostGIS 3.4, and 120 total dependencies\n\n2. **Performance Metrics and Quality Scores**: \n   - Core Web Vitals: LCP 1.8s, FID 45ms, CLS 0.08 (all GOOD)\n   - Healthcare workflows: 91-96% quality scores\n   - Overall performance score: 94.2%\n   - Test coverage: 87.3%\n\n3. **Healthcare Compliance**: Complete PDPA and MOH compliance framework with 95% compliance score, medical-grade encryption, audit trails, and data subject rights\n\n4. **File Structure**: Comprehensive file hierarchy analysis with 215,000+ lines of code, 248 React components across 15 categories, 29 tRPC routers, and detailed database schema (7,440 lines)\n\n5. **Installation Requirements**: Full prerequisites, dependency breakdown (67 production, 53 development), complete npm scripts for development, testing, and deployment\n\n6. **Deployment Strategies**: Multi-environment deployment on Vercel/Supabase, CI/CD pipeline with GitHub Actions, automated testing, monitoring, and rollback procedures\n\n### 📋 **Output File Created:**\n**Location**: `data/project-metadata/readme-metadata.json`\n\n**Structure**: Well-organized JSON with 10 major categories containing 513 lines of structured metadata covering all requested aspects of the project.\n\n### 📊 **Key Metrics Summary:**\n- **Total Dependencies**: 120 (67 production, 53 development)\n- **Codebase Size**: 215,000+ lines across multiple technologies\n- **Components**: 248 React components in 15 specialized categories\n- **Test Coverage**: 26,873 lines of test code in 34 test files\n- **API Endpoints**: 29 healthcare API routers with type-safe implementation\n- **Performance**: Excellent ratings across all core metrics\n- **Compliance**: Production-ready PDPA/MOH compliance framework\n\nThe metadata extraction successfully fulfilled all requirements and provides a comprehensive, structured view of the My Family Clinic project's technical architecture, performance characteristics, compliance features, and deployment infrastructure.",
    "timestamp": null
  },
  "analyze_healthcare_project_readme_best_practices_0995": {
    "task_name": "analyze_healthcare_project_readme_best_practices",
    "response": "## Research Complete - Final Summary\n\nI have successfully completed comprehensive research and analysis on README best practices for healthcare technology projects. The research has been completed and documented with the following deliverables:\n\n### 📋 **Research Execution Summary**\n\n**✅ All 24 Research Tasks Completed:**\n- Healthcare Software Documentation Standards\n- Medical Compliance and Security Information Presentation  \n- Visual Diagram Best Practices\n- Performance Metrics for Medical Software\n- Professional Presentation Standards\n- Source Analysis and Synthesis\n\n**✅ Comprehensive Analysis Document Created:**\n- Location: `docs/readme-analysis/readme-best-practices.md`\n- Size: 386 lines of detailed analysis\n- 7 authoritative sources documented and analyzed\n\n### 📚 **Key Findings and Deliverables**\n\nThe analysis provides actionable guidance for:\n\n1. **Essential README Sections** - Complete structure including project overview, compliance summaries, architecture documentation, API references, testing summaries, performance metrics, and security frameworks\n\n2. **Medical Compliance Presentation** - Templates for HIPAA safeguards mapping, FDA compliance documentation, and international compliance (ISO 13485, IEC 62304, GDPR) \n\n3. **Visual Diagram Standards** - Healthcare-specific diagram requirements including system architecture, data flows, and network diagrams with security boundaries\n\n4. **Performance Metrics Framework** - Clinical accuracy metrics, system reliability measurements, security KPIs, and accessibility compliance scores\n\n5. **Professional Presentation Standards** - GDocP compliance, audit trail maintenance, version control, accessibility guidelines, and regulatory submission formatting\n\n### 🔗 **Source Documentation**\n\nAll research sources have been tracked and documented, including:\n- FDA guidance documents on medical device software\n- HIPAA Security Rule technical safeguards  \n- IEC 62304 medical device software standards\n- Open regulatory compliance templates\n- Professional documentation best practices\n\n### 📁 **Output Directory Compliance**\n\nAll analysis materials are properly organized in the `docs/readme-analysis/` directory as requested:\n- Research plan: `docs/readme-analysis/research-plan.md`\n- Comprehensive analysis: `docs/readme-analysis/readme-best-practices.md`\n- Source tracking: All 7 sources documented\n\nThe research successfully integrates regulatory requirements, industry best practices, and real-world examples from healthcare technology projects to provide a complete framework for creating professional, compliant README documentation in healthcare technology contexts.",
    "timestamp": null
  },
  "create_comprehensive_visual_diagrams_d37d": {
    "task_name": "create_comprehensive_visual_diagrams",
    "response": "## Summary\n\nI have successfully created comprehensive visual diagrams for the README.md file based on the project metadata and healthcare technology best practices. All diagrams have been saved in the `docs/readme-diagrams/` directory as requested.\n\n## Created Diagrams\n\n### 1. **File Hierarchy Diagram** (`01-file-hierarchy-diagram.md`)\n- **Comprehensive project structure** showing the complete codebase organization\n- **248 components** across 12 categories (UI, healthcare, accessibility, etc.)\n- **29 tRPC API routers** and database schema details (7,440 lines)\n- **Healthcare-specific directories** including accessibility framework, performance monitoring, and multi-language content\n- **Database structure** with PostGIS integration for Singapore healthcare services\n\n### 2. **User Interaction Flows** (`02-user-interaction-flows.md`)\n- **Three detailed Mermaid diagrams** showing user journeys:\n  - **Patient Journey Flow**: Registration → Healthcare Services → Appointments → Consultations → Follow-up\n  - **Healthcare Provider Dashboard**: Provider login, patient management, appointment scheduling, compliance reporting\n  - **System Architecture Interaction**: Frontend → API Layer → Business Logic → Database → External Services\n- **Real-time features** including WebSocket subscriptions and push notifications\n- **Multi-language support** (English, Chinese, Malay, Tamil)\n- **Emergency services** and accessibility features integration\n\n### 3. **Application Logic Flow** (`03-application-logic-flow.md`)\n- **Four comprehensive Mermaid flowcharts**:\n  - **Core Application Data Flow**: Request processing, authentication, validation, healthcare business logic, database operations\n  - **Database Operations**: PostGIS spatial processing, healthcare-specific queries, compliance integration\n  - **API Architecture**: 29 healthcare API routers, business logic layer, external service integration\n  - **Healthcare Compliance Workflows**: PDPA, MOH standards, WCAG 2.2 AA accessibility compliance\n- **Security and compliance** at every layer including medical-grade encryption\n- **Real-time processing** with WebSocket management and live updates\n\n### 4. **Diagrams Overview** (`00-diagrams-overview.md`)\n- **Executive summary** of the healthcare platform\n- **Implementation guidelines** and **quality assurance** standards\n- **Regulatory compliance** section covering HIPAA, PDPA, MOH, and WCAG\n- **Performance metrics** and **future enhancements**\n\n## Key Healthcare Features Illustrated\n\n✅ **Patient Registration & Management** - Multi-language PDPA-compliant registration  \n✅ **Appointment Booking** - Real-time scheduling with healthcare provider verification  \n✅ **Doctor Profiles** - Medical license verification and specialty categorization  \n✅ **Clinic Search** - PostGIS-enabled 5km radius geospatial search  \n✅ **Healthier SG Integration** - Singapore's national health program integration  \n✅ **Compliance Framework** - PDPA, MOH standards, WCAG 2.2 AA accessibility  \n✅ **Real-time Features** - WebSocket subscriptions for live updates  \n✅ **Multi-language Support** - English (100%), Chinese (95%), Malay (90%), Tamil (85%)\n\n## Technical Architecture Highlights\n\n- **Modern Next.js 15** architecture with TypeScript safety\n- **PostGIS geospatial integration** for Singapore healthcare services\n- **29 tRPC API routers** with healthcare-specific business logic\n- **248 reusable components** across specialized categories\n- **Medical-grade encryption** and healthcare audit trails\n- **87.3% test coverage** with 34 comprehensive test files\n\nAll diagrams are production-ready and follow healthcare technology documentation standards with appropriate compliance, accessibility, and security considerations built into the visual representations.",
    "timestamp": null
  },
  "create_comprehensive_readme_d620": {
    "task_name": "create_comprehensive_readme",
    "response": "I've successfully created a comprehensive, professional README.md for the Maria Family Clinic healthcare platform. The file includes all 10 required sections and is structured to be production-ready and representative of a real healthcare platform.\n\n## Key Highlights of the README:\n\n### 🎯 **Professional Structure**\n- **10 Core Sections**: Overview, Features, Tech Stack, Performance, Architecture, Installation, Deployment, Compliance, Contributing, and Licensing\n- **Clean Organization**: Each section builds upon the previous with clear navigation and logical flow\n- **Professional Presentation**: Badge system, visual elements, and consistent formatting\n\n### 🏥 **Healthcare-Focused Content**\n- **Comprehensive Feature Set**: Clinic search, doctor profiles, appointment booking, Healthier SG integration\n- **Real-time Operations**: WebSocket updates, availability tracking, performance monitoring\n- **Singapore-Specific**: PostGIS integration, MOH compliance, multi-language support (EN, CN, MS, TA)\n\n### ⚡ **Performance Excellence**\n- **Strong Metrics**: 94.2% overall score, 95% compliance, 87.3% test coverage\n- **Fast Performance**: Core Web Vitals in \"GOOD\" range, healthcare workflows under targets\n- **Quality Gates**: Automated enforcement of code coverage, accessibility, performance, and security standards\n\n### 🔒 **Compliance & Security**\n- **PDPA Compliance**: Personal data encryption, consent management, right to deletion\n- **MOH Standards**: Healthcare provider verification, medical license validation\n- **WCAG 2.2 AA**: Full accessibility compliance with comprehensive testing\n\n### 🛠 **Technical Excellence**\n- **Modern Stack**: Next.js 15, React 19, PostgreSQL 15.4, PostGIS 3.4\n- **Type Safety**: TypeScript 5 with strict mode, tRPC with 29 healthcare routers\n- **Professional Development**: ESLint 9, Husky 9, comprehensive testing suite\n\n### 📊 **Data & Analytics**\n- **Advanced Database**: 215K+ lines of code, 248 components, comprehensive schema\n- **Healthcare Analytics**: Patient demographics, service utilization, performance metrics\n- **API-First**: RESTful API with 1M+ calls/month, multi-language support\n\nThe README file is now saved in the root directory as `README.md` and provides a complete, professional overview that demonstrates this is a production-ready healthcare platform capable of serving Singapore's healthcare ecosystem at scale.\n\n**File Location**: `/workspace/README.md` (474 lines of comprehensive documentation)\n\nThe document serves as both an introduction for new contributors and a reference guide for healthcare organizations considering integration with the platform.",
    "timestamp": null
  }
}