{
  "todos": {
    "Coordinator": {
      "1": {
        "id": "1",
        "content": "Analyze existing project documentation for AI agent onboarding",
        "details": "Read README.md and Project_Architecture_Document.md to extract technical components, architecture details, and operational information relevant for AI coding agents",
        "status": "completed",
        "priority": "high"
      },
      "2": {
        "id": "2",
        "content": "Design CLAUDE.md structure optimized for AI agents",
        "details": "Plan logical structure: high-level overview → technical architecture → development workflows → operational commands → actionable information",
        "status": "completed",
        "priority": "high"
      },
      "3": {
        "id": "3",
        "content": "Synthesize and create comprehensive CLAUDE.md",
        "details": "Reorganize and rephrase information into AI-agent-optimized format, focusing on technical components, data flows, key files, and CLI operations",
        "status": "completed",
        "priority": "high"
      },
      "4": {
        "id": "4",
        "content": "Final review and validation",
        "details": "Review for completeness, accuracy, and direct address of AI coding agent needs including environment setup, commands, file paths, and API endpoints",
        "status": "completed",
        "priority": "medium"
      }
    }
  }
}